{
  "schema": "math292-transverse-lanczos-v1.1",
  "psi_path": "Runs\\continuation\\Sh_h0p3_N16_L18p47_A0p05_psi.npy",
  "config_path": "Codes\\pde\\config_template_brazovskii.json",
  "N": 16,
  "L": 18.47,
  "mu2": -0.7,
  "r": -0.48596635269317445,
  "Z": -0.9252754126352337,
  "Y": 1.0,
  "q0": 0.6801747616,
  "rms_psi": 0.05,
  "residual_norm_per_sqrt_dof": 0.3453323570217109,
  "n_zero_modes": 4,
  "include_phase_mode": true,
  "asymmetry_ratio": 2.716208959080635e-06,
  "solver": "lobpcg",
  "sigma": null,
  "converged_full": true,
  "n_converged": 5,
  "n_requested": 5,
  "eigenvalues": [
    -0.6739766641624746,
    -0.6714829512486881,
    -0.669489849621268,
    -0.667209143876056,
    -0.664802030841541
  ],
  "eigvec_zero_mode_contamination": [
    7.671601173567987e-16,
    8.282027098841058e-16,
    7.996777549682241e-16,
    6.285277859326478e-16,
    1.0358195090499671e-15
  ],
  "lambda_min": -0.6739766641624746,
  "math292_g3_verdict": "FAIL",
  "math292_g3_detail": "lambda_min = -6.739767e-01 < -eps_g3 = -1.0e-06 : transverse Hessian has NEGATIVE eigenvalue. Candidate Psi is a SADDLE (Morse index >= 1), NOT a local minimum. Math292 G3 acceptance gate FAILED.",
  "eigsh_tol": 1e-05,
  "eigsh_maxiter": 300,
  "eigsh_ncv": 20,
  "eigsh_n_matvecs": 1515,
  "eigsh_wall_seconds": 311.56774258613586,
  "theory_tag": "Math292-transverse-Hessian-Lanczos-v1.1-2026-05-02"
}