{
  "best_F": -321.854248844846,
  "best_F_step": 59,
  "grad_norm": 0.016802502322510248,
  "merit": 222.02855310057296,
  "trust_radius": 114.5762672409802,
  "rho": 1.0032071254593065,
  "shape": [
    3,
    64,
    64,
    64
  ],
  "dtype": "complex128",
  "schema": "Math294-AddA-v1"
}