{
  "best_F": -322.81914629180676,
  "best_F_step": 0,
  "grad_norm": 0.007210863070583961,
  "merit": 5.111390485058102,
  "trust_radius": 31.993705463154402,
  "rho": 1.0025218380874594,
  "shape": [
    3,
    32,
    32,
    32
  ],
  "dtype": "complex128",
  "schema": "Math294-AddA-v1"
}