{
  "schema": "math292-transverse-lanczos-v1.1",
  "psi_path": "Runs\\continuation\\math236_A1p0_seeded_N32_resumed\\Psi_best_F.npy",
  "config_path": "Codes\\pde\\config_template_brazovskii.json",
  "N": 32,
  "L": 16.0,
  "mu2": -0.7,
  "r": -0.48596635269317445,
  "Z": -0.9252754126352337,
  "Y": 1.0,
  "q0": 0.6801747616,
  "rms_psi": 0.40800065063676144,
  "residual_norm_per_sqrt_dof": 0.009987233636159854,
  "n_zero_modes": 4,
  "include_phase_mode": true,
  "asymmetry_ratio": 1.2403510784980831e-05,
  "solver": "lobpcg",
  "sigma": null,
  "converged_full": true,
  "n_converged": 5,
  "n_requested": 5,
  "eigenvalues": [
    -0.23725526740416905,
    -0.21327228754710226,
    -0.19413905400831347,
    -0.17298422340676445,
    -0.1698374813982936
  ],
  "eigvec_zero_mode_contamination": [
    2.222433054777262e-14,
    3.376095129531031e-14,
    3.527587584486106e-14,
    3.26184639699341e-14,
    1.823946569337791e-14
  ],
  "lambda_min": -0.23725526740416905,
  "math292_g3_verdict": "FAIL",
  "math292_g3_detail": "lambda_min = -2.372553e-01 < -eps_g3 = -1.0e-06 : transverse Hessian has NEGATIVE eigenvalue. Candidate Psi is a SADDLE (Morse index >= 1), NOT a local minimum. Math292 G3 acceptance gate FAILED.",
  "eigsh_tol": 1e-05,
  "eigsh_maxiter": 300,
  "eigsh_ncv": 20,
  "eigsh_n_matvecs": 1515,
  "eigsh_wall_seconds": 1615.6153223514557,
  "theory_tag": "Math292-transverse-Hessian-Lanczos-v1.1-2026-05-02"
}