{
  "schema": "math292-transverse-lanczos-v1.1",
  "psi_path": "Runs\\continuation\\Sh_h0p3_N32_psi.npy",
  "config_path": "Codes\\pde\\config_template_brazovskii.json",
  "N": 32,
  "L": 16.0,
  "mu2": -0.7,
  "r": -0.48596635269317445,
  "Z": -0.9252754126352337,
  "Y": 1.0,
  "q0": 0.6801747616,
  "rms_psi": 0.408,
  "residual_norm_per_sqrt_dof": 65.66353722877669,
  "n_zero_modes": 4,
  "include_phase_mode": true,
  "asymmetry_ratio": 2.5203537332040068e-05,
  "solver": "lobpcg",
  "sigma": null,
  "converged_full": true,
  "n_converged": 5,
  "n_requested": 5,
  "eigenvalues": [
    -0.42913912805705046,
    -0.4211049947629733,
    -0.4033169315636183,
    -0.3931515418957809,
    -0.3778552388174057
  ],
  "eigvec_zero_mode_contamination": [
    3.3619855765200493e-14,
    1.1244484345910058e-14,
    9.383999831645312e-15,
    2.4164569064443388e-14,
    2.3948874039893566e-14
  ],
  "lambda_min": -0.42913912805705046,
  "math292_g3_verdict": "FAIL",
  "math292_g3_detail": "lambda_min = -4.291391e-01 < -eps_g3 = -1.0e-06 : transverse Hessian has NEGATIVE eigenvalue. Candidate Psi is a SADDLE (Morse index >= 1), NOT a local minimum. Math292 G3 acceptance gate FAILED.",
  "eigsh_tol": 1e-05,
  "eigsh_maxiter": 300,
  "eigsh_ncv": 20,
  "eigsh_n_matvecs": 1515,
  "eigsh_wall_seconds": 2447.028235435486,
  "theory_tag": "Math292-transverse-Hessian-Lanczos-v1.1-2026-05-02"
}