{
  "theory_tag": "Math_IR_Bound-v4-BZ-integrator-2026-04-21",
  "task_id": 27,
  "mainline": {
    "q0": 0.6801747616,
    "mu2": 0.005,
    "epsilon_sq": 0.01081,
    "lambda_coup": -0.43,
    "gamma_coup": 1.62,
    "A_bz": 1.5,
    "B_bz": 1.0
  },
  "m_squared": 0.002313703727386784,
  "bz_volume_exact": 4.0,
  "angular_check": {
    "N_angular": 200,
    "integral_P4": 0.004094617702496543,
    "integral_P4_expected": 0.0,
    "norm_P4_sq_numerical": 0.3844529734055846,
    "norm_P4_sq_expected": 0.3829751044376129,
    "norm_rel_err": 0.003858916547961782
  },
  "convergence": [
    {
      "N": 16,
      "N_full_equivalent": 32,
      "c4": 0.0023098590135349015,
      "n_in_bz_octant": 2048,
      "V_bz_numerical": 4.0,
      "m2": 0.002313703727386784,
      "elapsed_s": 0.004295825958251953,
      "method": "octant"
    }
  ],
  "richardson": {
    "N_list": [
      32
    ],
    "c4_list": [
      0.0023098590135349015
    ]
  },
  "interval_certificate": {
    "status": "skipped"
  }
}