{
  "best_F": 439.2371278852211,
  "best_F_step": 3,
  "grad_norm": 1.8337053463760267,
  "merit": 330543.0903908855,
  "trust_radius": 32.64518085847223,
  "rho": 0.9969898310216491,
  "shape": [
    3,
    32,
    32,
    32
  ],
  "dtype": "complex128",
  "schema": "Math294-AddA-v1"
}