{
  "best_F": -322.8295812478024,
  "best_F_step": 17,
  "grad_norm": 0.007781888417563205,
  "merit": 5.953042448112352,
  "trust_radius": 65.29036171694446,
  "rho": 1.003583205361766,
  "shape": [
    3,
    32,
    32,
    32
  ],
  "dtype": "complex128",
  "schema": "Math294-AddA-v1"
}